{"cameraMode":{"drawMode":0,"name":"Shaded","section":"Shading Mode"},"sceneLighting":false,"audioPlay":false,"sceneViewState":{"showFog":true,"showMaterialUpdate":false,"showSkybox":false,"showFlares":true,"showImageEffects":true,"showParticleSystems":true},"in2DMode":false,"pivot":{"x":-4.756992340087891,"y":1.6423779726028443,"z":0.21896743774414063},"rotation":{"x":0.5341874957084656,"y":0.39544135332107546,"z":0.6794158816337586,"w":-0.31091201305389407},"size":50.00001525878906,"orthographic":false}