{"cameraMode":{"drawMode":0,"name":"Shaded","section":"Shading Mode"},"sceneLighting":false,"audioPlay":false,"sceneViewState":{"showFog":true,"showMaterialUpdate":false,"showSkybox":false,"showFlares":true,"showImageEffects":true,"showParticleSystems":true},"in2DMode":false,"pivot":{"x":-1.6805334091186524,"y":-1.1766008138656617,"z":1.3277896642684937},"rotation":{"x":0.5341874957084656,"y":0.39544135332107546,"z":0.6794158816337586,"w":-0.31091201305389407},"size":0.8660253882408142,"orthographic":false}